initial-population,population,time,gini-mean,gini-variance
100,52,624,0.405005308,3.04E-08
100,66,603,0.389159541,3.03E-08
100,71,728,0.431315774,3.04E-08
100,66,736,0.487950397,3.05E-08
100,57,827,0.566971361,3.05E-08
100,65,790,0.502758812,3.04E-08
100,62,710,0.482942078,3.04E-08
100,65,715,0.48533268,3.05E-08
100,58,971,0.513145,3.04E-08
100,63,704,0.443933412,3.03E-08
100,68,916,0.553367127,3.05E-08
100,56,649,0.381078053,3.05E-08
100,56,802,0.485789333,3.04E-08
100,65,867,0.505024215,3.04E-08
100,67,876,0.55296242,3.04E-08
100,60,814,0.508693625,3.04E-08
100,51,926,0.526793917,3.04E-08
100,68,879,0.53683896,3.05E-08
100,63,771,0.521860703,3.04E-08
100,64,836,0.555239536,3.04E-08
100,71,912,0.566216593,3.04E-08
100,67,726,0.465554889,3.04E-08
100,65,819,0.49364533,3.04E-08
100,58,754,0.419189967,3.05E-08
100,68,976,0.608262098,3.04E-08
100,58,855,0.572961436,3.04E-08
100,59,691,0.441943427,3.05E-08
100,58,849,0.502757848,3.04E-08
100,66,726,0.442944147,3.04E-08
100,73,993,0.606213067,3.05E-08
100,64,776,0.519620377,3.05E-08
100,51,662,0.434078199,3.04E-08
100,60,747,0.489280219,3.04E-08
100,72,751,0.500802322,3.04E-08
100,64,918,0.546186695,3.05E-08
100,70,728,0.452575416,3.04E-08
100,64,758,0.483127154,3.05E-08
100,58,849,0.530889248,3.05E-08
100,57,915,0.581852032,3.05E-08
100,60,950,0.563428132,3.05E-08
100,62,728,0.467468022,3.05E-08
100,69,623,0.405549864,3.05E-08
100,59,647,0.440127178,3.04E-08
100,66,806,0.481705928,3.04E-08
100,57,862,0.501305701,3.05E-08
100,65,832,0.519165161,3.05E-08
100,69,702,0.485161484,3.04E-08
100,71,880,0.516420006,3.05E-08
100,68,815,0.478083484,3.05E-08
100,71,856,0.529803412,3.05E-08
100,58,925,0.540875581,3.05E-08
100,60,810,0.4782009,3.05E-08
100,64,918,0.588882177,3.05E-08
100,56,831,0.53815504,3.04E-08
100,64,801,0.49500329,3.05E-08
100,68,824,0.521943774,3.05E-08
100,59,767,0.489664962,3.04E-08
100,69,903,0.566468453,3.04E-08
100,64,695,0.420202354,3.04E-08
100,60,768,0.469148746,3.05E-08
100,70,694,0.413578862,3.04E-08
100,53,894,0.553619568,3.04E-08
100,66,906,0.572897699,3.05E-08
100,68,748,0.472774504,3.04E-08
100,63,749,0.444365783,3.04E-08
100,65,626,0.446196919,3.05E-08
100,66,801,0.462755999,3.04E-08
100,63,877,0.538624598,3.04E-08
100,72,762,0.460586455,3.04E-08
100,67,788,0.52184447,3.04E-08
100,60,818,0.493420782,3.04E-08
100,72,760,0.470564978,3.04E-08
100,63,727,0.443686318,3.05E-08
100,62,897,0.532451452,3.04E-08
100,63,874,0.545249633,3.04E-08
100,68,938,0.582615293,3.05E-08
100,64,825,0.483210245,3.05E-08
100,75,726,0.450843918,3.05E-08
100,65,742,0.480787273,3.04E-08
100,66,882,0.517030988,3.04E-08
100,65,700,0.435377345,3.05E-08
100,73,745,0.473974329,3.04E-08
100,55,735,0.491989588,3.05E-08
100,69,701,0.432611541,3.04E-08
100,65,847,0.534156902,3.04E-08
100,68,807,0.496578315,3.04E-08
100,60,828,0.508518735,3.05E-08
100,60,855,0.548053629,3.04E-08
100,68,751,0.439219309,3.05E-08
100,63,892,0.56578623,3.04E-08
100,56,756,0.490763234,3.04E-08
100,62,723,0.487724458,3.03E-08
100,69,836,0.540757632,3.04E-08
100,63,964,0.53421152,3.05E-08
100,62,809,0.492050957,3.05E-08
100,71,744,0.486952318,3.05E-08
100,62,892,0.511649365,3.04E-08
100,63,876,0.532703565,3.05E-08
100,67,1000,0.60146723,3.05E-08
100,68,903,0.49563119,3.04E-08
150,90,829,0.52888681,3.05E-08
150,112,782,0.485509527,3.04E-08
150,97,757,0.45423275,3.04E-08
150,100,770,0.481561057,3.05E-08
150,84,654,0.443642801,3.04E-08
150,104,670,0.444274816,3.05E-08
150,102,793,0.516008253,3.04E-08
150,103,808,0.52226792,3.04E-08
150,94,768,0.480262339,3.04E-08
150,89,766,0.501564926,3.05E-08
150,94,840,0.525762699,3.04E-08
150,100,842,0.501730485,3.04E-08
150,97,678,0.451067903,3.04E-08
150,94,829,0.530034074,3.04E-08
150,102,845,0.555920617,3.05E-08
150,106,1000,0.584062224,3.04E-08
150,100,838,0.507407077,3.05E-08
150,99,861,0.523873104,3.05E-08
150,99,799,0.50186213,3.05E-08
150,96,877,0.565134797,3.04E-08
150,86,847,0.515205444,3.04E-08
150,94,877,0.537864024,3.04E-08
150,102,830,0.564070603,3.04E-08
150,94,822,0.515397624,3.05E-08
150,97,856,0.516561213,3.04E-08
150,97,792,0.510358338,3.05E-08
150,95,788,0.508719655,3.04E-08
150,94,794,0.486203246,3.04E-08
150,104,834,0.532344186,3.05E-08
150,94,805,0.514050143,3.04E-08
150,97,778,0.463112857,3.04E-08
150,98,664,0.447220848,3.05E-08
150,102,894,0.564295691,3.05E-08
150,91,805,0.479515101,3.04E-08
150,97,771,0.497530421,3.04E-08
150,97,780,0.481909224,3.04E-08
150,96,844,0.503390932,3.04E-08
150,99,842,0.497821669,3.05E-08
150,100,871,0.521865518,3.05E-08
150,95,832,0.515470021,3.04E-08
150,108,836,0.501690259,3.04E-08
150,96,764,0.488198793,3.04E-08
150,100,701,0.493896585,3.04E-08
150,104,686,0.442624443,3.04E-08
150,96,826,0.512961446,3.04E-08
150,101,862,0.552101921,3.04E-08
150,94,767,0.451301067,3.05E-08
150,97,787,0.512447474,3.05E-08
150,92,884,0.553389012,3.04E-08
150,95,934,0.557540986,3.05E-08
150,100,924,0.552569762,3.04E-08
150,101,867,0.553985213,3.04E-08
150,104,744,0.496813526,3.05E-08
150,95,856,0.533816644,3.04E-08
150,95,756,0.476813428,3.05E-08
150,106,793,0.510909295,3.04E-08
150,87,798,0.52295112,3.05E-08
150,101,868,0.521275684,3.04E-08
150,111,878,0.510725886,3.04E-08
150,99,738,0.453293962,3.04E-08
150,93,779,0.506974354,3.05E-08
150,94,846,0.527373121,3.05E-08
150,100,777,0.506956775,3.04E-08
150,98,775,0.461601162,3.05E-08
150,100,906,0.56585266,3.05E-08
150,103,850,0.521723172,3.05E-08
150,94,920,0.547987719,3.04E-08
150,97,749,0.46823838,3.04E-08
150,101,797,0.523216171,3.05E-08
150,98,831,0.511190544,3.05E-08
150,90,747,0.494048993,3.04E-08
150,95,790,0.472695249,3.04E-08
150,90,747,0.471790565,3.04E-08
150,98,751,0.48525942,3.04E-08
150,104,824,0.502317804,3.05E-08
150,100,772,0.495100778,3.04E-08
150,87,826,0.502967334,3.05E-08
150,110,791,0.442908284,3.04E-08
150,97,841,0.508229631,3.05E-08
150,95,698,0.431497216,3.04E-08
150,100,754,0.449406107,3.05E-08
150,99,778,0.499691673,3.05E-08
150,91,685,0.453632384,3.04E-08
150,100,774,0.514572224,3.05E-08
150,98,788,0.485969891,3.05E-08
150,101,803,0.498960833,3.04E-08
150,100,831,0.548005426,3.05E-08
150,95,698,0.453838992,3.04E-08
150,108,815,0.506148222,3.04E-08
150,104,786,0.466822907,3.05E-08
150,105,834,0.505358666,3.04E-08
150,91,796,0.499942924,3.04E-08
150,101,943,0.568745949,3.04E-08
150,94,856,0.530231925,3.04E-08
150,98,893,0.526252224,3.04E-08
150,104,779,0.49422565,3.05E-08
150,95,786,0.49588572,3.04E-08
150,96,866,0.527807229,3.05E-08
150,101,784,0.49736518,3.04E-08
150,95,890,0.492774213,3.05E-08
200,113,793,0.499203499,3.05E-08
200,125,764,0.483228899,3.04E-08
200,125,787,0.492736715,3.05E-08
200,120,817,0.512771417,3.04E-08
200,125,771,0.497732033,3.04E-08
200,129,782,0.499721113,3.05E-08
200,125,854,0.542501801,3.05E-08
200,128,700,0.458383918,3.05E-08
200,127,794,0.506333157,3.04E-08
200,120,795,0.517469261,3.05E-08
200,132,1017,0.597841658,3.05E-08
200,120,868,0.54372922,3.04E-08
200,137,949,0.544096338,3.04E-08
200,124,718,0.470283993,3.05E-08
200,135,950,0.56505934,3.04E-08
200,121,750,0.485325279,3.05E-08
200,133,817,0.514472858,3.05E-08
200,121,734,0.452254431,3.05E-08
200,125,915,0.548227293,3.04E-08
200,124,770,0.510855275,3.05E-08
200,134,887,0.531029375,3.05E-08
200,119,856,0.535058449,3.04E-08
200,124,823,0.532241036,3.05E-08
200,125,843,0.502784389,3.05E-08
200,137,669,0.437311391,3.04E-08
200,128,766,0.487978424,3.05E-08
200,123,945,0.581091276,3.05E-08
200,130,883,0.501687598,3.05E-08
200,125,849,0.524176627,3.05E-08
200,127,759,0.491727331,3.04E-08
200,123,916,0.55420888,3.05E-08
200,131,740,0.447658004,3.05E-08
200,120,871,0.520607193,3.04E-08
200,125,893,0.541470013,3.05E-08
200,125,793,0.515138416,3.04E-08
200,133,826,0.509133384,3.04E-08
200,134,867,0.52325183,3.04E-08
200,126,888,0.540067648,3.04E-08
200,132,755,0.516928674,3.04E-08
200,116,792,0.518529912,3.04E-08
200,121,685,0.428930831,3.04E-08
200,126,852,0.524842496,3.05E-08
200,124,758,0.510107694,3.05E-08
200,132,896,0.551779973,3.05E-08
200,125,808,0.480652839,3.05E-08
200,130,844,0.512401524,3.05E-08
200,134,767,0.479066202,3.04E-08
200,114,791,0.534477837,3.04E-08
200,133,874,0.520398875,3.04E-08
200,125,768,0.483191919,3.04E-08
200,132,865,0.564901483,3.04E-08
200,123,811,0.507281201,3.04E-08
200,127,838,0.510611731,3.04E-08
200,126,823,0.516356625,3.05E-08
200,126,769,0.473869492,3.04E-08
200,129,843,0.531642331,3.04E-08
200,136,723,0.479137503,3.04E-08
200,132,778,0.476528579,3.04E-08
200,129,800,0.494261802,3.04E-08
200,126,771,0.480498381,3.04E-08
200,117,813,0.482797521,3.05E-08
200,121,733,0.468069182,3.05E-08
200,131,808,0.507643839,3.04E-08
200,119,802,0.521405288,3.04E-08
200,121,794,0.505790152,3.04E-08
200,133,824,0.537707335,3.04E-08
200,121,770,0.473117674,3.05E-08
200,134,858,0.536896121,3.05E-08
200,131,782,0.491535404,3.04E-08
200,120,847,0.539002354,3.04E-08
200,136,816,0.509576592,3.05E-08
200,117,902,0.535324949,3.05E-08
200,138,782,0.514544264,3.04E-08
200,125,808,0.491977182,3.04E-08
200,122,872,0.545243521,3.04E-08
200,126,844,0.495106461,3.05E-08
200,131,770,0.49520522,3.04E-08
200,127,843,0.51601837,3.04E-08
200,129,720,0.464440593,3.04E-08
200,133,828,0.52086693,3.04E-08
200,126,897,0.513275388,3.05E-08
200,132,724,0.47890691,3.05E-08
200,130,806,0.51876268,3.04E-08
200,131,810,0.492755505,3.04E-08
200,124,724,0.460498352,3.05E-08
200,118,786,0.500062686,3.04E-08
200,125,738,0.463889436,3.05E-08
200,129,830,0.508720403,3.05E-08
200,120,739,0.431350074,3.05E-08
200,128,827,0.526665818,3.04E-08
200,129,701,0.49103511,3.05E-08
200,122,758,0.49850234,3.04E-08
200,116,780,0.491172824,3.05E-08
200,132,772,0.480500958,3.04E-08
200,116,846,0.540445808,3.05E-08
200,128,811,0.527468447,3.04E-08
200,115,697,0.44808259,3.05E-08
200,118,726,0.474780991,3.05E-08
200,125,870,0.537266825,3.04E-08
200,127,785,0.505317924,3.04E-08
250,162,832,0.514002397,3.05E-08
250,156,761,0.477190177,3.04E-08
250,162,804,0.505110691,3.04E-08
250,171,842,0.496461042,3.04E-08
250,158,781,0.481970405,3.05E-08
250,157,710,0.463837217,3.04E-08
250,163,812,0.499779137,3.04E-08
250,162,786,0.471801633,3.04E-08
250,150,775,0.493340516,3.05E-08
250,159,892,0.542846324,3.04E-08
250,151,894,0.54226248,3.04E-08
250,147,892,0.537787355,3.04E-08
250,156,767,0.508741599,3.04E-08
250,165,909,0.541942542,3.05E-08
250,153,839,0.51665467,3.04E-08
250,162,906,0.532316661,3.04E-08
250,149,897,0.540472718,3.04E-08
250,167,836,0.515375824,3.04E-08
250,161,781,0.474033887,3.04E-08
250,168,761,0.452180688,3.04E-08
250,150,858,0.517332213,3.04E-08
250,150,810,0.502980964,3.05E-08
250,160,786,0.466675457,3.05E-08
250,149,853,0.521292611,3.05E-08
250,169,856,0.513791679,3.04E-08
250,154,802,0.485556336,3.05E-08
250,172,821,0.5046186,3.05E-08
250,157,825,0.507370896,3.04E-08
250,150,811,0.512868494,3.05E-08
250,163,738,0.482845294,3.04E-08
250,158,739,0.491423476,3.05E-08
250,162,844,0.517643824,3.04E-08
250,172,858,0.519655483,3.04E-08
250,162,775,0.465431812,3.04E-08
250,157,797,0.48682905,3.04E-08
250,148,871,0.497474251,3.05E-08
250,157,884,0.535024325,3.05E-08
250,158,748,0.492549752,3.04E-08
250,157,756,0.475185432,3.05E-08
250,156,705,0.438752445,3.05E-08
250,168,885,0.526619663,3.04E-08
250,163,958,0.545970775,3.04E-08
250,158,821,0.54636155,3.04E-08
250,157,783,0.506601798,3.04E-08
250,152,790,0.468834671,3.04E-08
250,168,941,0.536154807,3.05E-08
250,154,896,0.527120535,3.04E-08
250,162,797,0.491784752,3.04E-08
250,173,859,0.524981122,3.04E-08
250,153,792,0.521224129,3.04E-08
250,153,882,0.530938949,3.04E-08
250,151,816,0.522301071,3.04E-08
250,154,831,0.515788249,3.05E-08
250,173,806,0.481224482,3.04E-08
250,156,796,0.499747004,3.04E-08
250,166,790,0.479379508,3.04E-08
250,156,851,0.498910546,3.05E-08
250,151,749,0.478321241,3.05E-08
250,158,808,0.517252701,3.04E-08
250,175,811,0.508389663,3.05E-08
250,166,792,0.509109482,3.04E-08
250,157,757,0.48412979,3.05E-08
250,163,827,0.508579453,3.05E-08
250,173,816,0.47238072,3.04E-08
250,155,730,0.461964936,3.05E-08
250,161,830,0.50086605,3.05E-08
250,168,833,0.539689442,3.04E-08
250,161,896,0.555429751,3.05E-08
250,160,784,0.494936873,3.04E-08
250,153,887,0.551530238,3.04E-08
250,170,792,0.488189691,3.05E-08
250,162,729,0.468533242,3.04E-08
250,158,745,0.459300259,3.05E-08
250,180,780,0.483316268,3.04E-08
250,160,745,0.477190348,3.05E-08
250,168,845,0.509338918,3.05E-08
250,155,753,0.472147304,3.04E-08
250,162,767,0.474345781,3.04E-08
250,147,803,0.472332234,3.04E-08
250,160,880,0.534210846,3.04E-08
250,157,817,0.511357876,3.05E-08
250,163,708,0.460665767,3.04E-08
250,161,801,0.498939249,3.04E-08
250,163,870,0.505764767,3.04E-08
250,160,661,0.423287954,3.05E-08
250,159,777,0.484744706,3.04E-08
250,157,813,0.489551046,3.04E-08
250,177,746,0.45787749,3.05E-08
250,162,710,0.466935816,3.05E-08
250,171,802,0.514123041,3.04E-08
250,155,708,0.44134331,3.04E-08
250,166,822,0.522385378,3.04E-08
250,164,763,0.477349372,3.04E-08
250,146,732,0.454944721,3.05E-08
250,170,849,0.52399154,3.04E-08
250,149,775,0.500059422,3.04E-08
250,163,813,0.495749198,3.05E-08
250,149,936,0.538693228,3.04E-08
250,156,841,0.516835998,3.05E-08
250,173,855,0.50961547,3.04E-08
300,196,775,0.474328696,3.05E-08
300,197,789,0.520537928,3.04E-08
300,187,779,0.489051017,3.05E-08
300,194,843,0.534522894,3.04E-08
300,184,835,0.523014079,3.04E-08
300,182,840,0.544051142,3.05E-08
300,200,838,0.497896912,3.04E-08
300,200,781,0.481187089,3.04E-08
300,192,849,0.510562542,3.04E-08
300,192,815,0.483128707,3.05E-08
300,193,879,0.546120331,3.04E-08
300,193,928,0.547889282,3.05E-08
300,195,818,0.494326928,3.05E-08
300,191,734,0.472546754,3.05E-08
300,188,788,0.513357052,3.04E-08
300,171,802,0.529627744,3.04E-08
300,193,787,0.509656008,3.04E-08
300,178,800,0.507954551,3.04E-08
300,189,869,0.549820658,3.04E-08
300,181,806,0.532064051,3.04E-08
300,198,886,0.549191707,3.04E-08
300,191,831,0.537280388,3.04E-08
300,195,792,0.495996272,3.05E-08
300,178,821,0.505797436,3.04E-08
300,204,855,0.519127505,3.05E-08
300,188,837,0.518384057,3.04E-08
300,179,872,0.549016114,3.04E-08
300,193,901,0.565369254,3.04E-08
300,183,840,0.495145128,3.04E-08
300,195,792,0.502420645,3.04E-08
300,188,897,0.535204014,3.05E-08
300,186,899,0.548099932,3.04E-08
300,197,847,0.527843004,3.05E-08
300,184,784,0.494605505,3.05E-08
300,196,867,0.535361797,3.04E-08
300,187,881,0.518805466,3.04E-08
300,186,885,0.561890593,3.04E-08
300,185,811,0.524083113,3.04E-08
300,181,874,0.522582589,3.04E-08
300,188,866,0.508326733,3.05E-08
300,190,831,0.522114839,3.04E-08
300,193,817,0.503085858,3.04E-08
300,191,751,0.466034933,3.04E-08
300,183,851,0.529211744,3.04E-08
300,188,804,0.486229668,3.04E-08
300,188,787,0.497716898,3.04E-08
300,178,867,0.529753509,3.05E-08
300,196,808,0.506847849,3.05E-08
300,188,834,0.529167429,3.04E-08
300,185,851,0.53847252,3.04E-08
300,192,867,0.534278553,3.04E-08
300,181,796,0.502588195,3.04E-08
300,187,732,0.472973124,3.04E-08
300,186,793,0.524598087,3.05E-08
300,191,836,0.499573043,3.04E-08
300,187,848,0.504912231,3.05E-08
300,171,781,0.492473845,3.05E-08
300,181,855,0.521981025,3.05E-08
300,203,803,0.522412398,3.04E-08
300,192,900,0.533540741,3.05E-08
300,184,849,0.51180651,3.04E-08
300,202,851,0.500429884,3.04E-08
300,196,800,0.50384736,3.05E-08
300,202,871,0.5280107,3.04E-08
300,196,834,0.520614882,3.05E-08
300,189,815,0.544964247,3.04E-08
300,210,811,0.501393648,3.04E-08
300,182,746,0.483181809,3.04E-08
300,193,754,0.478266547,3.05E-08
300,181,766,0.473235474,3.04E-08
300,193,853,0.528232354,3.04E-08
300,180,839,0.509538639,3.04E-08
300,190,786,0.483422344,3.04E-08
300,178,879,0.544809945,3.05E-08
300,194,803,0.483928132,3.04E-08
300,183,817,0.516237177,3.05E-08
300,168,809,0.51836481,3.04E-08
300,192,791,0.528759084,3.05E-08
300,185,762,0.484790366,3.04E-08
300,182,750,0.483376573,3.03E-08
300,186,798,0.506832354,3.04E-08
300,195,846,0.524158496,3.05E-08
300,190,811,0.502523029,3.04E-08
300,195,794,0.496727183,3.04E-08
300,171,819,0.513135934,3.04E-08
300,188,829,0.543525836,3.05E-08
300,211,853,0.494326943,3.05E-08
300,214,893,0.546087026,3.04E-08
300,198,841,0.533337313,3.05E-08
300,188,884,0.56038498,3.05E-08
300,194,809,0.522364892,3.05E-08
300,175,823,0.514627207,3.04E-08
300,191,776,0.483635934,3.04E-08
300,187,815,0.540271387,3.04E-08
300,181,788,0.490766126,3.04E-08
300,197,823,0.513221947,3.04E-08
300,194,866,0.556387559,3.04E-08
300,205,790,0.506814772,3.04E-08
300,198,819,0.496134859,3.04E-08
300,200,887,0.548159457,3.05E-08
350,221,777,0.491982819,3.04E-08
350,221,810,0.505684469,3.05E-08
350,223,831,0.501436,3.04E-08
350,223,767,0.483167825,3.04E-08
350,221,798,0.485598446,3.05E-08
350,202,945,0.58006886,3.04E-08
350,224,850,0.515565865,3.04E-08
350,222,769,0.477546966,3.04E-08
350,221,810,0.522604954,3.04E-08
350,238,763,0.481177629,3.05E-08
350,220,745,0.4861165,3.05E-08
350,223,786,0.480185093,3.05E-08
350,219,810,0.507826654,3.05E-08
350,217,782,0.490881226,3.05E-08
350,204,782,0.500290554,3.04E-08
350,222,851,0.531378787,3.04E-08
350,214,864,0.526310786,3.04E-08
350,215,746,0.473373472,3.05E-08
350,215,819,0.509621383,3.05E-08
350,215,746,0.479845836,3.05E-08
350,227,764,0.469889494,3.04E-08
350,207,832,0.518019711,3.04E-08
350,236,832,0.518269666,3.04E-08
350,219,882,0.542041088,3.04E-08
350,227,803,0.489737106,3.05E-08
350,228,800,0.500551269,3.05E-08
350,224,801,0.491414645,3.04E-08
350,215,776,0.510572674,3.04E-08
350,224,843,0.502115485,3.04E-08
350,222,840,0.520819644,3.04E-08
350,206,826,0.525945492,3.04E-08
350,219,825,0.501358982,3.04E-08
350,227,829,0.505190178,3.05E-08
350,226,810,0.499490768,3.04E-08
350,219,744,0.482903329,3.05E-08
350,212,852,0.538305421,3.04E-08
350,231,797,0.491250448,3.04E-08
350,221,810,0.508558169,3.04E-08
350,229,722,0.463036022,3.05E-08
350,238,789,0.505918893,3.05E-08
350,221,882,0.542278773,3.05E-08
350,214,780,0.484976585,3.04E-08
350,204,847,0.485618678,3.05E-08
350,205,785,0.499630426,3.05E-08
350,217,785,0.5187375,3.05E-08
350,225,824,0.511742514,3.05E-08
350,218,838,0.495728315,3.04E-08
350,223,953,0.572947905,3.05E-08
350,236,795,0.488728556,3.05E-08
350,242,799,0.492328343,3.04E-08
350,230,856,0.540237954,3.04E-08
350,215,776,0.48523077,3.04E-08
350,229,821,0.511412232,3.04E-08
350,213,829,0.50394319,3.04E-08
350,218,831,0.513935726,3.05E-08
350,214,783,0.503100074,3.04E-08
350,228,726,0.468874307,3.05E-08
350,226,803,0.486121273,3.04E-08
350,213,921,0.568051045,3.05E-08
350,208,774,0.506972363,3.05E-08
350,218,889,0.51907587,3.05E-08
350,233,823,0.52549949,3.05E-08
350,230,762,0.485565634,3.04E-08
350,217,770,0.458873318,3.04E-08
350,211,847,0.515890786,3.04E-08
350,224,880,0.5175663,3.04E-08
350,222,812,0.493841487,3.05E-08
350,229,846,0.529068114,3.04E-08
350,228,860,0.529521468,3.05E-08
350,218,823,0.516406685,3.04E-08
350,210,785,0.492439525,3.04E-08
350,220,757,0.480998709,3.05E-08
350,232,844,0.51140688,3.04E-08
350,222,781,0.466804093,3.05E-08
350,223,861,0.518956508,3.04E-08
350,214,819,0.509324899,3.04E-08
350,216,809,0.490376566,3.05E-08
350,220,820,0.486205981,3.04E-08
350,211,895,0.549521902,3.05E-08
350,231,792,0.519998169,3.04E-08
350,208,771,0.497551681,3.05E-08
350,226,752,0.472923004,3.05E-08
350,226,802,0.498891229,3.04E-08
350,218,767,0.462711584,3.04E-08
350,223,822,0.527820027,3.04E-08
350,216,901,0.524644853,3.05E-08
350,218,804,0.500445942,3.04E-08
350,225,816,0.501336493,3.04E-08
350,220,846,0.52533894,3.05E-08
350,226,773,0.50367396,3.05E-08
350,212,859,0.519296862,3.04E-08
350,221,799,0.494765255,3.04E-08
350,235,850,0.511787117,3.04E-08
350,231,853,0.534768916,3.04E-08
350,225,839,0.502556106,3.04E-08
350,203,743,0.483413032,3.05E-08
350,214,853,0.528482497,3.05E-08
350,225,749,0.47195187,3.05E-08
350,219,777,0.504703798,3.05E-08
350,228,795,0.501791785,3.04E-08
400,261,779,0.482005417,3.04E-08
400,252,774,0.495969708,3.05E-08
400,248,868,0.535500175,3.04E-08
400,243,854,0.532802742,3.04E-08
400,252,843,0.520346038,3.04E-08
400,246,834,0.525056645,3.04E-08
400,255,914,0.550672926,3.04E-08
400,247,847,0.503112777,3.04E-08
400,251,762,0.473710603,3.04E-08
400,258,814,0.48798581,3.05E-08
400,252,824,0.539061887,3.04E-08
400,244,833,0.495278938,3.05E-08
400,265,837,0.522810932,3.04E-08
400,257,830,0.500536599,3.05E-08
400,255,859,0.51951869,3.05E-08
400,270,802,0.523278305,3.04E-08
400,246,765,0.47387327,3.05E-08
400,247,816,0.507916038,3.04E-08
400,259,761,0.485640191,3.04E-08
400,243,855,0.520109023,3.05E-08
400,241,812,0.504080079,3.04E-08
400,249,760,0.47657268,3.05E-08
400,246,825,0.533118677,3.05E-08
400,255,787,0.509302396,3.05E-08
400,246,853,0.52846975,3.05E-08
400,249,795,0.502404306,3.04E-08
400,259,889,0.547994971,3.05E-08
400,251,842,0.523547081,3.05E-08
400,269,784,0.486690703,3.04E-08
400,237,831,0.513731827,3.04E-08
400,230,733,0.479447837,3.04E-08
400,249,784,0.488904296,3.05E-08
400,261,835,0.504757046,3.04E-08
400,234,773,0.480154645,3.04E-08
400,248,753,0.468491189,3.04E-08
400,238,855,0.527416552,3.04E-08
400,237,916,0.566096485,3.05E-08
400,252,815,0.513539843,3.04E-08
400,250,767,0.479374854,3.04E-08
400,236,869,0.543460649,3.05E-08
400,262,909,0.55904817,3.04E-08
400,252,826,0.508304652,3.04E-08
400,265,786,0.502987109,3.05E-08
400,258,878,0.546360928,3.05E-08
400,251,814,0.514222479,3.04E-08
400,252,813,0.541054641,3.04E-08
400,251,772,0.483022552,3.05E-08
400,250,836,0.493937268,3.05E-08
400,246,818,0.485140167,3.04E-08
400,255,755,0.479560653,3.04E-08
400,241,797,0.480844641,3.04E-08
400,263,817,0.51478053,3.04E-08
400,237,822,0.492661365,3.04E-08
400,258,842,0.510116059,3.04E-08
400,259,834,0.542604165,3.05E-08
400,253,737,0.483456627,3.04E-08
400,254,808,0.515628659,3.04E-08
400,247,765,0.487302836,3.04E-08
400,250,717,0.457755113,3.05E-08
400,255,816,0.501304577,3.04E-08
400,256,822,0.513912631,3.05E-08
400,249,860,0.528988136,3.04E-08
400,254,812,0.493585933,3.04E-08
400,269,819,0.527926462,3.04E-08
400,260,822,0.521715973,3.05E-08
400,268,836,0.496812634,3.04E-08
400,254,773,0.469826314,3.04E-08
400,252,811,0.491862103,3.05E-08
400,251,823,0.511280074,3.04E-08
400,245,790,0.475612868,3.04E-08
400,249,782,0.49449988,3.05E-08
400,250,830,0.503457085,3.05E-08
400,249,808,0.512789428,3.05E-08
400,262,814,0.498729258,3.04E-08
400,254,903,0.568928876,3.04E-08
400,244,839,0.527171318,3.05E-08
400,268,777,0.48798967,3.04E-08
400,250,859,0.530055966,3.05E-08
400,237,798,0.494956665,3.04E-08
400,225,804,0.520100919,3.04E-08
400,241,910,0.562593497,3.04E-08
400,261,845,0.501850328,3.04E-08
400,246,699,0.445928197,3.05E-08
400,256,857,0.503980115,3.05E-08
400,271,832,0.52165488,3.04E-08
400,256,887,0.522165483,3.05E-08
400,256,873,0.514213384,3.04E-08
400,252,792,0.498477676,3.05E-08
400,238,779,0.49794577,3.04E-08
400,258,846,0.52292641,3.05E-08
400,257,833,0.545430333,3.05E-08
400,262,792,0.481076061,3.04E-08
400,248,802,0.497882118,3.04E-08
400,255,819,0.510044749,3.04E-08
400,265,770,0.488535234,3.04E-08
400,249,830,0.484929164,3.05E-08
400,237,784,0.495969024,3.05E-08
400,257,887,0.533729485,3.04E-08
400,255,816,0.498261425,3.04E-08
400,274,850,0.512525721,3.04E-08
450,279,764,0.483482167,3.04E-08
450,292,819,0.502955788,3.05E-08
450,295,755,0.494556694,3.05E-08
450,276,814,0.502033825,3.04E-08
450,300,797,0.495253055,3.05E-08
450,278,781,0.492642794,3.04E-08
450,272,802,0.492027799,3.04E-08
450,287,902,0.537812915,3.05E-08
450,280,791,0.504270557,3.05E-08
450,276,739,0.479048327,3.04E-08
450,276,886,0.553478272,3.05E-08
450,299,854,0.521871681,3.05E-08
450,282,855,0.507255636,3.04E-08
450,273,830,0.501938686,3.05E-08
450,283,887,0.559458212,3.04E-08
450,279,870,0.525774161,3.05E-08
450,290,835,0.50542729,3.05E-08
450,289,785,0.49902232,3.04E-08
450,293,790,0.491538585,3.05E-08
450,267,800,0.507471658,3.04E-08
450,288,792,0.484965028,3.04E-08
450,280,827,0.51352222,3.05E-08
450,290,865,0.516685984,3.04E-08
450,290,826,0.518629012,3.05E-08
450,295,873,0.524497096,3.04E-08
450,288,813,0.499741223,3.04E-08
450,273,733,0.478544002,3.04E-08
450,295,801,0.492851291,3.04E-08
450,285,842,0.527435029,3.04E-08
450,279,770,0.505224643,3.04E-08
450,270,844,0.506659585,3.04E-08
450,273,811,0.508025509,3.05E-08
450,277,814,0.511563571,3.04E-08
450,302,846,0.513748644,3.05E-08
450,274,796,0.491161143,3.05E-08
450,279,818,0.507171094,3.05E-08
450,295,784,0.477851209,3.04E-08
450,286,789,0.492666693,3.04E-08
450,294,791,0.49180029,3.04E-08
450,271,844,0.539821846,3.04E-08
450,283,756,0.469506704,3.04E-08
450,284,840,0.511017743,3.05E-08
450,295,825,0.506794344,3.05E-08
450,292,860,0.506715806,3.05E-08
450,289,797,0.507155403,3.04E-08
450,273,857,0.512241161,3.05E-08
450,287,798,0.481837618,3.04E-08
450,285,758,0.481068492,3.04E-08
450,299,874,0.529066382,3.05E-08
450,284,830,0.51258564,3.05E-08
450,282,840,0.526696159,3.04E-08
450,269,805,0.498008723,3.04E-08
450,290,772,0.490097614,3.04E-08
450,279,731,0.472782998,3.04E-08
450,279,829,0.507442523,3.04E-08
450,269,772,0.466747746,3.05E-08
450,279,781,0.490484305,3.04E-08
450,285,777,0.493389492,3.04E-08
450,276,757,0.474393849,3.04E-08
450,278,774,0.493428616,3.05E-08
450,298,802,0.493949729,3.05E-08
450,289,750,0.477307419,3.04E-08
450,282,848,0.521595942,3.05E-08
450,284,760,0.485356843,3.05E-08
450,292,777,0.487831569,3.05E-08
450,294,795,0.510425784,3.05E-08
450,286,804,0.499639085,3.05E-08
450,287,763,0.476362435,3.04E-08
450,269,845,0.505457222,3.04E-08
450,285,804,0.504391888,3.04E-08
450,282,817,0.482144804,3.05E-08
450,277,831,0.506139195,3.05E-08
450,275,835,0.528414317,3.05E-08
450,285,870,0.51686698,3.04E-08
450,281,845,0.500983982,3.04E-08
450,261,825,0.510606634,3.04E-08
450,284,833,0.516174797,3.05E-08
450,281,791,0.497722538,3.05E-08
450,275,883,0.528755916,3.05E-08
450,285,795,0.479939815,3.04E-08
450,278,758,0.501840104,3.04E-08
450,284,797,0.50373506,3.04E-08
450,269,823,0.50444376,3.04E-08
450,279,811,0.51608067,3.04E-08
450,276,800,0.477298617,3.04E-08
450,283,791,0.49622039,3.04E-08
450,281,881,0.539241166,3.05E-08
450,295,759,0.473849465,3.05E-08
450,285,823,0.492726056,3.04E-08
450,293,823,0.507906031,3.04E-08
450,282,782,0.500783498,3.04E-08
450,278,740,0.471151921,3.05E-08
450,277,897,0.549960239,3.04E-08
450,269,779,0.505762149,3.05E-08
450,301,802,0.490391026,3.04E-08
450,290,795,0.504574598,3.04E-08
450,298,831,0.509360161,3.04E-08
450,293,819,0.513097203,3.04E-08
450,287,810,0.500001575,3.04E-08
450,283,769,0.487631842,3.05E-08
500,333,772,0.504324176,3.05E-08
500,319,884,0.53322756,3.04E-08
500,306,855,0.518134982,3.04E-08
500,323,835,0.501030902,3.05E-08
500,304,871,0.522266973,3.04E-08
500,319,829,0.532263955,3.05E-08
500,324,804,0.500387681,3.05E-08
500,324,849,0.521904312,3.05E-08
500,292,787,0.494798466,3.05E-08
500,313,818,0.498465678,3.04E-08
500,321,810,0.504368473,3.05E-08
500,318,828,0.499189327,3.04E-08
500,323,831,0.512984193,3.05E-08
500,295,821,0.509778402,3.05E-08
500,318,836,0.502748947,3.05E-08
500,310,853,0.530238947,3.04E-08
500,314,813,0.484916125,3.05E-08
500,317,767,0.470157552,3.05E-08
500,311,770,0.495945735,3.05E-08
500,294,844,0.523976889,3.05E-08
500,315,790,0.506065617,3.04E-08
500,313,794,0.501749018,3.04E-08
500,312,808,0.496868016,3.04E-08
500,321,851,0.533580297,3.04E-08
500,307,857,0.522470821,3.05E-08
500,304,828,0.497150963,3.04E-08
500,324,862,0.502205694,3.04E-08
500,315,794,0.490607386,3.04E-08
500,315,841,0.519182421,3.04E-08
500,309,845,0.512669626,3.04E-08
500,309,895,0.54734243,3.04E-08
500,311,786,0.510121668,3.04E-08
500,299,795,0.48310575,3.05E-08
500,304,856,0.539352373,3.04E-08
500,328,823,0.52333761,3.04E-08
500,312,804,0.500099763,3.05E-08
500,285,824,0.520405792,3.05E-08
500,322,767,0.499315806,3.04E-08
500,304,792,0.502406085,3.04E-08
500,326,757,0.489546623,3.05E-08
500,293,784,0.485513872,3.05E-08
500,318,800,0.522013825,3.05E-08
500,309,727,0.471012038,3.04E-08
500,291,778,0.484588969,3.04E-08
500,308,788,0.491617571,3.04E-08
500,299,804,0.49707305,3.05E-08
500,307,753,0.451126236,3.05E-08
500,316,803,0.493708129,3.04E-08
500,318,801,0.495219681,3.04E-08
500,312,878,0.513389215,3.04E-08
500,310,785,0.474302692,3.05E-08
500,320,850,0.516330939,3.04E-08
500,303,819,0.509265674,3.04E-08
500,313,842,0.496698097,3.05E-08
500,313,802,0.502837527,3.05E-08
500,320,773,0.500301482,3.05E-08
500,319,814,0.506065557,3.04E-08
500,324,788,0.498590098,3.04E-08
500,324,809,0.513537147,3.05E-08
500,318,862,0.5345342,3.04E-08
500,301,751,0.478544178,3.05E-08
500,325,838,0.535082342,3.05E-08
500,299,756,0.473575852,3.04E-08
500,292,809,0.495839755,3.04E-08
500,308,847,0.510907345,3.05E-08
500,309,907,0.547535567,3.05E-08
500,310,770,0.486517754,3.05E-08
500,310,831,0.503778487,3.04E-08
500,306,880,0.541911438,3.04E-08
500,305,808,0.498526241,3.05E-08
500,300,790,0.491597858,3.05E-08
500,301,804,0.505810587,3.04E-08
500,305,826,0.497151705,3.05E-08
500,284,817,0.497724964,3.05E-08
500,305,853,0.494274852,3.04E-08
500,314,804,0.472335372,3.04E-08
500,305,852,0.536606629,3.05E-08
500,313,768,0.471089917,3.04E-08
500,308,787,0.479516673,3.04E-08
500,329,784,0.483494888,3.04E-08
500,321,824,0.520794345,3.04E-08
500,324,821,0.518528758,3.04E-08
500,315,850,0.540954902,3.04E-08
500,315,861,0.512486303,3.04E-08
500,309,791,0.4846164,3.05E-08
500,316,828,0.515545986,3.04E-08
500,299,746,0.491455965,3.03E-08
500,313,840,0.504057378,3.04E-08
500,313,924,0.549429832,3.05E-08
500,313,802,0.500596129,3.04E-08
500,304,762,0.47293035,3.05E-08
500,312,816,0.497989977,3.04E-08
500,334,828,0.511026681,3.04E-08
500,305,865,0.546280833,3.04E-08
500,307,828,0.543436346,3.05E-08
500,319,829,0.511181989,3.04E-08
500,295,822,0.502280427,3.04E-08
500,318,853,0.523162205,3.04E-08
500,300,868,0.525907889,3.04E-08
500,309,887,0.555094523,3.04E-08
550,325,788,0.498214309,3.05E-08
550,340,785,0.487697404,3.04E-08
550,353,852,0.517860625,3.04E-08
550,343,828,0.523734845,3.05E-08
550,347,792,0.477998847,3.04E-08
550,341,812,0.508565916,3.04E-08
550,348,824,0.514199214,3.05E-08
550,349,812,0.478796941,3.05E-08
550,349,831,0.498150853,3.04E-08
550,351,769,0.483371926,3.04E-08
550,330,805,0.497055268,3.05E-08
550,344,863,0.540886877,3.04E-08
550,340,805,0.507577222,3.04E-08
550,328,895,0.553422456,3.04E-08
550,353,786,0.482380552,3.04E-08
550,354,809,0.494972955,3.05E-08
550,334,775,0.488102549,3.04E-08
550,335,857,0.531376222,3.04E-08
550,338,854,0.531324197,3.05E-08
550,350,814,0.49312171,3.04E-08
550,346,870,0.532717846,3.04E-08
550,356,754,0.476886112,3.04E-08
550,331,786,0.484935698,3.04E-08
550,330,759,0.478416758,3.04E-08
550,333,844,0.535424712,3.05E-08
550,346,828,0.515263418,3.04E-08
550,340,875,0.543749552,3.05E-08
550,355,765,0.474764309,3.04E-08
550,348,863,0.526678263,3.04E-08
550,348,916,0.548862835,3.04E-08
550,334,756,0.481757992,3.04E-08
550,349,831,0.517181371,3.05E-08
550,326,817,0.512347329,3.04E-08
550,332,869,0.531398864,3.04E-08
550,365,776,0.475004839,3.04E-08
550,334,893,0.532122563,3.04E-08
550,331,816,0.518671742,3.05E-08
550,335,801,0.481055066,3.05E-08
550,336,809,0.504569705,3.04E-08
550,345,875,0.557190039,3.04E-08
550,337,791,0.491806809,3.04E-08
550,365,823,0.517185249,3.04E-08
550,344,790,0.503430908,3.05E-08
550,352,731,0.461710413,3.04E-08
550,354,868,0.540412028,3.05E-08
550,347,794,0.477594063,3.05E-08
550,334,865,0.528852701,3.05E-08
550,335,801,0.503856429,3.05E-08
550,348,754,0.477299505,3.04E-08
550,345,756,0.48596312,3.04E-08
550,354,846,0.537775652,3.05E-08
550,345,844,0.532226935,3.05E-08
550,346,836,0.517942765,3.05E-08
550,353,820,0.521280163,3.04E-08
550,351,824,0.505059669,3.04E-08
550,343,822,0.521094005,3.05E-08
550,346,833,0.517693891,3.04E-08
550,333,801,0.495546874,3.04E-08
550,337,776,0.48719172,3.05E-08
550,343,830,0.54812244,3.04E-08
550,352,836,0.521073671,3.05E-08
550,358,852,0.525801435,3.04E-08
550,343,756,0.465834119,3.04E-08
550,302,826,0.516546911,3.05E-08
550,333,759,0.478991172,3.04E-08
550,349,819,0.510364039,3.04E-08
550,341,829,0.506762402,3.05E-08
550,325,824,0.513780035,3.04E-08
550,340,776,0.490334513,3.05E-08
550,345,815,0.483570699,3.05E-08
550,346,827,0.517822055,3.04E-08
550,358,870,0.505701718,3.05E-08
550,342,857,0.53239632,3.04E-08
550,357,818,0.508269732,3.04E-08
550,352,887,0.52088939,3.05E-08
550,343,868,0.539996641,3.05E-08
550,361,884,0.547883024,3.04E-08
550,342,785,0.477590267,3.04E-08
550,334,819,0.512888001,3.05E-08
550,341,804,0.501480453,3.04E-08
550,333,836,0.516118668,3.05E-08
550,340,813,0.484707256,3.05E-08
550,325,799,0.488014047,3.04E-08
550,339,822,0.515833118,3.04E-08
550,322,787,0.500074906,3.04E-08
550,349,777,0.49569014,3.05E-08
550,346,792,0.472285406,3.04E-08
550,351,749,0.483141347,3.04E-08
550,348,870,0.531524077,3.05E-08
550,353,824,0.505279327,3.05E-08
550,324,876,0.539187885,3.05E-08
550,357,793,0.495562658,3.04E-08
550,341,873,0.528362434,3.05E-08
550,353,837,0.512408487,3.04E-08
550,345,842,0.523367162,3.05E-08
550,324,833,0.507718518,3.04E-08
550,349,769,0.504441508,3.05E-08
550,367,840,0.518628141,3.05E-08
550,349,861,0.523751781,3.05E-08
550,354,826,0.527210206,3.04E-08
600,360,762,0.489718116,3.05E-08
600,364,828,0.494719047,3.05E-08
600,372,818,0.501060367,3.04E-08
600,366,863,0.537298805,3.04E-08
600,360,766,0.477969459,3.04E-08
600,363,759,0.473791183,3.04E-08
600,365,808,0.521425656,3.04E-08
600,355,821,0.493813229,3.05E-08
600,356,787,0.512331104,3.04E-08
600,386,880,0.554103146,3.05E-08
600,388,807,0.50877361,3.05E-08
600,375,820,0.492965446,3.05E-08
600,399,803,0.501709837,3.05E-08
600,384,831,0.517110662,3.05E-08
600,362,835,0.520120932,3.04E-08
600,361,786,0.487247264,3.05E-08
600,355,896,0.546295245,3.04E-08
600,381,784,0.489006298,3.04E-08
600,394,823,0.499273195,3.04E-08
600,378,802,0.497463522,3.04E-08
600,374,802,0.49523706,3.04E-08
600,370,797,0.49914716,3.04E-08
600,372,809,0.518995368,3.05E-08
600,364,817,0.504614994,3.05E-08
600,370,800,0.487336703,3.05E-08
600,368,820,0.538613666,3.04E-08
600,363,765,0.467214034,3.04E-08
600,364,780,0.506207816,3.04E-08
600,377,830,0.529978003,3.05E-08
600,359,781,0.496718855,3.05E-08
600,353,846,0.517144149,3.04E-08
600,380,843,0.526500901,3.04E-08
600,350,829,0.520216816,3.04E-08
600,373,715,0.440405222,3.05E-08
600,383,853,0.527054219,3.04E-08
600,378,806,0.524030801,3.04E-08
600,382,831,0.511899956,3.05E-08
600,376,833,0.510627,3.04E-08
600,362,824,0.516270959,3.04E-08
600,365,835,0.509777047,3.04E-08
600,380,887,0.534481949,3.04E-08
600,369,841,0.494543914,3.04E-08
600,361,761,0.47309469,3.05E-08
600,357,828,0.506581463,3.05E-08
600,376,769,0.485969486,3.04E-08
600,373,762,0.491155745,3.05E-08
600,376,764,0.476653933,3.05E-08
600,369,819,0.50417117,3.05E-08
600,381,802,0.522656969,3.05E-08
600,375,797,0.50199998,3.05E-08
600,361,832,0.520359617,3.05E-08
600,373,882,0.554109018,3.05E-08
600,380,764,0.485487654,3.04E-08
600,373,838,0.52416958,3.05E-08
600,384,860,0.525735005,3.04E-08
600,361,869,0.528051492,3.04E-08
600,361,809,0.521252272,3.05E-08
600,388,882,0.519123587,3.05E-08
600,372,766,0.487779343,3.05E-08
600,368,816,0.530419736,3.04E-08
600,384,801,0.498158029,3.05E-08
600,366,805,0.511331643,3.04E-08
600,391,890,0.530164047,3.05E-08
600,387,832,0.514467336,3.04E-08
600,377,825,0.512335655,3.04E-08
600,376,766,0.479750121,3.04E-08
600,374,836,0.51233413,3.05E-08
600,361,801,0.505813704,3.04E-08
600,381,838,0.520910904,3.05E-08
600,386,779,0.490838808,3.05E-08
600,369,854,0.526110692,3.04E-08
600,396,776,0.496151143,3.05E-08
600,367,778,0.492457302,3.05E-08
600,363,833,0.53083725,3.05E-08
600,377,832,0.507400705,3.04E-08
600,360,783,0.487298812,3.05E-08
600,388,848,0.51929823,3.04E-08
600,382,857,0.529429887,3.04E-08
600,378,847,0.513668642,3.04E-08
600,366,849,0.526466472,3.04E-08
600,347,863,0.534592128,3.05E-08
600,372,788,0.479972369,3.05E-08
600,382,820,0.50559523,3.05E-08
600,373,857,0.515356381,3.05E-08
600,376,757,0.46724986,3.05E-08
600,368,848,0.51317947,3.05E-08
600,367,778,0.478791112,3.05E-08
600,356,820,0.512150058,3.04E-08
600,371,832,0.509979614,3.04E-08
600,364,869,0.520387182,3.05E-08
600,366,791,0.508536288,3.04E-08
600,366,792,0.496072068,3.04E-08
600,352,808,0.506854837,3.05E-08
600,375,784,0.501141654,3.05E-08
600,364,778,0.499978125,3.04E-08
600,381,797,0.472265272,3.04E-08
600,361,838,0.532527413,3.04E-08
600,375,811,0.51552518,3.04E-08
600,350,805,0.496305896,3.04E-08
600,378,852,0.530720977,3.05E-08
650,407,804,0.484429281,3.05E-08
650,407,818,0.508618226,3.05E-08
650,404,866,0.534168998,3.04E-08
650,392,801,0.494119661,3.04E-08
650,408,874,0.537402854,3.04E-08
650,399,811,0.507124003,3.04E-08
650,412,816,0.497344434,3.05E-08
650,392,870,0.533566261,3.05E-08
650,401,823,0.509598245,3.04E-08
650,403,856,0.523845263,3.04E-08
650,410,859,0.530351154,3.04E-08
650,388,748,0.479638848,3.04E-08
650,411,783,0.490666964,3.05E-08
650,385,862,0.525007946,3.05E-08
650,390,716,0.457080785,3.04E-08
650,411,824,0.519029557,3.05E-08
650,390,798,0.504200249,3.04E-08
650,393,770,0.476395689,3.04E-08
650,397,851,0.516009408,3.04E-08
650,417,779,0.487734956,3.04E-08
650,394,819,0.482762837,3.04E-08
650,376,776,0.49169734,3.04E-08
650,389,834,0.510641341,3.05E-08
650,397,865,0.528333405,3.04E-08
650,407,816,0.504654042,3.04E-08
650,399,807,0.512450045,3.04E-08
650,396,796,0.503396705,3.04E-08
650,387,850,0.511058519,3.05E-08
650,406,813,0.507138654,3.05E-08
650,414,885,0.545320351,3.05E-08
650,420,818,0.521587511,3.05E-08
650,409,881,0.543438535,3.05E-08
650,428,806,0.501476184,3.04E-08
650,402,831,0.504630216,3.04E-08
650,406,802,0.502980934,3.04E-08
650,407,888,0.550057145,3.05E-08
650,415,796,0.494972369,3.04E-08
650,399,771,0.470827346,3.04E-08
650,404,817,0.504461049,3.05E-08
650,407,878,0.522637157,3.04E-08
650,388,879,0.523828521,3.04E-08
650,386,791,0.49414763,3.04E-08
650,388,796,0.503970716,3.04E-08
650,401,835,0.521530249,3.04E-08
650,411,804,0.488968418,3.04E-08
650,411,845,0.519673203,3.05E-08
650,403,736,0.466606392,3.04E-08
650,403,810,0.521570571,3.04E-08
650,403,818,0.496004055,3.05E-08
650,398,775,0.482192133,3.04E-08
650,428,835,0.529180359,3.04E-08
650,403,878,0.532146598,3.04E-08
650,418,781,0.485887145,3.04E-08
650,389,786,0.479393749,3.05E-08
650,402,797,0.50363596,3.04E-08
650,393,809,0.485626923,3.04E-08
650,411,815,0.509598073,3.04E-08
650,381,854,0.517730765,3.05E-08
650,413,813,0.501298173,3.05E-08
650,402,813,0.512935187,3.05E-08
650,400,835,0.521996666,3.05E-08
650,414,849,0.541165861,3.04E-08
650,407,795,0.502020849,3.05E-08
650,388,771,0.494948636,3.04E-08
650,411,860,0.542419471,3.05E-08
650,388,740,0.471768848,3.04E-08
650,399,801,0.499737584,3.05E-08
650,419,796,0.490851057,3.05E-08
650,387,860,0.530397001,3.05E-08
650,398,800,0.52211886,3.05E-08
650,398,786,0.489207549,3.05E-08
650,409,818,0.5008064,3.04E-08
650,414,839,0.515996821,3.05E-08
650,419,875,0.537508886,3.05E-08
650,402,825,0.508710372,3.04E-08
650,392,824,0.508292137,3.05E-08
650,398,872,0.545019877,3.05E-08
650,410,784,0.488742324,3.04E-08
650,406,783,0.473476187,3.04E-08
650,404,850,0.507960425,3.04E-08
650,401,862,0.520489267,3.04E-08
650,389,774,0.477166476,3.05E-08
650,408,839,0.533287993,3.04E-08
650,387,752,0.480748255,3.05E-08
650,383,860,0.517528558,3.04E-08
650,402,838,0.512870888,3.05E-08
650,389,823,0.505255567,3.05E-08
650,405,757,0.470778915,3.05E-08
650,408,839,0.539494753,3.05E-08
650,385,818,0.51231575,3.04E-08
650,416,846,0.504420949,3.05E-08
650,406,799,0.499923532,3.04E-08
650,424,853,0.522586045,3.04E-08
650,403,869,0.537284168,3.05E-08
650,403,883,0.527615544,3.05E-08
650,400,817,0.500212124,3.05E-08
650,413,775,0.481084654,3.04E-08
650,404,800,0.500164912,3.04E-08
650,407,855,0.528438079,3.05E-08
650,392,829,0.506945392,3.05E-08
700,426,847,0.529728033,3.04E-08
700,449,770,0.505628665,3.04E-08
700,429,810,0.501614592,3.04E-08
700,433,820,0.500995904,3.05E-08
700,436,829,0.503353008,3.04E-08
700,418,785,0.495346788,3.04E-08
700,441,830,0.513799777,3.04E-08
700,425,854,0.526459282,3.05E-08
700,443,839,0.518348539,3.05E-08
700,430,855,0.50785192,3.05E-08
700,397,823,0.5025522,3.04E-08
700,436,772,0.486016863,3.04E-08
700,416,836,0.51730999,3.04E-08
700,417,793,0.495325013,3.05E-08
700,431,833,0.520015746,3.04E-08
700,425,808,0.507138129,3.05E-08
700,438,817,0.512948203,3.05E-08
700,435,780,0.492214974,3.05E-08
700,428,800,0.487716684,3.04E-08
700,439,837,0.49424789,3.04E-08
700,444,883,0.526227855,3.04E-08
700,418,786,0.499169665,3.04E-08
700,414,808,0.513038141,3.05E-08
700,429,795,0.492994396,3.04E-08
700,428,818,0.514823092,3.05E-08
700,447,846,0.522470683,3.04E-08
700,428,809,0.496450339,3.04E-08
700,427,829,0.531249584,3.04E-08
700,420,838,0.519979843,3.05E-08
700,402,841,0.506796725,3.04E-08
700,428,819,0.518022328,3.05E-08
700,436,804,0.511383256,3.05E-08
700,434,858,0.53417567,3.04E-08
700,444,811,0.495935028,3.05E-08
700,441,790,0.501554797,3.04E-08
700,426,805,0.495555961,3.05E-08
700,439,800,0.503829618,3.05E-08
700,432,862,0.513931205,3.04E-08
700,408,795,0.504702003,3.05E-08
700,440,847,0.522199058,3.04E-08
700,425,808,0.511124041,3.04E-08
700,434,812,0.511112767,3.04E-08
700,436,773,0.493673289,3.05E-08
700,404,760,0.480621365,3.04E-08
700,420,813,0.498251247,3.04E-08
700,423,842,0.524775245,3.04E-08
700,430,809,0.493074736,3.04E-08
700,417,816,0.527707446,3.05E-08
700,426,851,0.517431787,3.04E-08
700,431,907,0.546833452,3.04E-08
700,437,839,0.530898404,3.05E-08
700,413,767,0.481994852,3.04E-08
700,425,910,0.542601979,3.04E-08
700,429,832,0.503871575,3.04E-08
700,431,766,0.483440326,3.05E-08
700,410,816,0.486763189,3.04E-08
700,415,817,0.512949686,3.05E-08
700,425,816,0.508232131,3.05E-08
700,433,782,0.489575155,3.04E-08
700,422,779,0.49196824,3.04E-08
700,419,811,0.488927563,3.04E-08
700,441,791,0.493724784,3.04E-08
700,431,812,0.50385622,3.04E-08
700,425,794,0.496615366,3.04E-08
700,429,835,0.51219084,3.04E-08
700,417,795,0.503597193,3.04E-08
700,426,801,0.511116088,3.04E-08
700,435,792,0.491868669,3.04E-08
700,418,813,0.514541273,3.05E-08
700,426,821,0.506860981,3.05E-08
700,443,884,0.542738418,3.04E-08
700,416,743,0.465318125,3.04E-08
700,435,827,0.494289859,3.04E-08
700,434,812,0.503614577,3.04E-08
700,420,776,0.483077962,3.05E-08
700,448,803,0.49612697,3.04E-08
700,412,801,0.496098875,3.05E-08
700,421,760,0.467105419,3.05E-08
700,442,767,0.498226137,3.05E-08
700,433,817,0.5069409,3.04E-08
700,443,847,0.521004264,3.04E-08
700,438,770,0.493676769,3.05E-08
700,451,811,0.505099549,3.05E-08
700,420,832,0.50794829,3.04E-08
700,428,757,0.472851437,3.04E-08
700,423,840,0.542541311,3.04E-08
700,427,796,0.512281582,3.04E-08
700,436,829,0.503385329,3.05E-08
700,417,833,0.50601732,3.04E-08
700,409,771,0.492092863,3.04E-08
700,434,789,0.499031383,3.05E-08
700,434,809,0.506913405,3.04E-08
700,437,840,0.514808229,3.04E-08
700,426,854,0.534092448,3.04E-08
700,442,759,0.491482315,3.04E-08
700,416,903,0.514547363,3.04E-08
700,417,875,0.521407871,3.04E-08
700,438,820,0.503669236,3.04E-08
700,425,807,0.50805049,3.05E-08
700,421,817,0.494412241,3.04E-08
750,460,811,0.512905602,3.05E-08
750,434,811,0.508367399,3.05E-08
750,427,814,0.507261164,3.04E-08
750,463,883,0.538077211,3.04E-08
750,448,846,0.518497462,3.05E-08
750,446,779,0.483314868,3.04E-08
750,454,828,0.524102307,3.04E-08
750,487,816,0.507233649,3.04E-08
750,440,820,0.521922798,3.05E-08
750,465,821,0.506144642,3.04E-08
750,446,820,0.496346374,3.04E-08
750,454,828,0.521719359,3.04E-08
750,484,765,0.479747599,3.05E-08
750,453,801,0.495456459,3.04E-08
750,455,785,0.499409811,3.05E-08
750,450,818,0.507880447,3.04E-08
750,483,851,0.543804957,3.05E-08
750,453,794,0.505923137,3.04E-08
750,433,809,0.498309027,3.05E-08
750,449,783,0.493523973,3.04E-08
750,442,794,0.498064847,3.05E-08
750,461,791,0.498483823,3.05E-08
750,470,814,0.513666165,3.05E-08
750,478,881,0.538517218,3.04E-08
750,455,761,0.480103575,3.05E-08
750,441,805,0.498151709,3.05E-08
750,462,785,0.486737164,3.05E-08
750,463,815,0.5021197,3.04E-08
750,447,772,0.475815485,3.05E-08
750,463,846,0.525152651,3.04E-08
750,474,821,0.513430936,3.04E-08
750,438,805,0.502158988,3.05E-08
750,465,825,0.509667708,3.04E-08
750,469,868,0.538498205,3.04E-08
750,478,768,0.484940988,3.04E-08
750,464,840,0.510478278,3.04E-08
750,465,859,0.532655671,3.05E-08
750,446,829,0.499730318,3.05E-08
750,458,756,0.467730499,3.05E-08
750,459,831,0.529164003,3.05E-08
750,463,802,0.515511413,3.05E-08
750,460,833,0.52330902,3.04E-08
750,476,848,0.507885265,3.04E-08
750,486,843,0.517684428,3.05E-08
750,462,837,0.507819226,3.05E-08
750,446,805,0.49633699,3.04E-08
750,466,817,0.509212287,3.05E-08
750,443,785,0.498621969,3.05E-08
750,467,902,0.55158802,3.05E-08
750,455,815,0.505667181,3.04E-08
750,463,809,0.512797684,3.05E-08
750,435,808,0.503145398,3.04E-08
750,457,861,0.539051415,3.05E-08
750,445,808,0.495411788,3.05E-08
750,454,779,0.483073442,3.05E-08
750,454,820,0.504156538,3.04E-08
750,451,768,0.487120355,3.04E-08
750,463,839,0.520421639,3.04E-08
750,469,810,0.510415799,3.04E-08
750,464,835,0.507242137,3.04E-08
750,446,851,0.520229203,3.05E-08
750,472,840,0.518751353,3.04E-08
750,460,768,0.478473907,3.05E-08
750,455,850,0.523380857,3.04E-08
750,482,818,0.503773172,3.04E-08
750,467,846,0.534933921,3.04E-08
750,470,840,0.5313855,3.04E-08
750,450,805,0.514198575,3.04E-08
750,460,851,0.520498357,3.05E-08
750,461,815,0.488869717,3.05E-08
750,471,812,0.514402165,3.04E-08
750,485,876,0.533401651,3.05E-08
750,475,814,0.502643066,3.05E-08
750,453,821,0.515746685,3.04E-08
750,452,836,0.516321873,3.05E-08
750,433,810,0.510908505,3.04E-08
750,469,879,0.553301193,3.04E-08
750,462,812,0.499737228,3.05E-08
750,458,834,0.524834765,3.05E-08
750,462,778,0.474112234,3.04E-08
750,452,782,0.502545146,3.05E-08
750,452,780,0.486581069,3.04E-08
750,464,845,0.515844686,3.05E-08
750,449,812,0.500759332,3.05E-08
750,445,815,0.497897143,3.04E-08
750,446,864,0.5181512,3.04E-08
750,445,857,0.54115914,3.05E-08
750,461,813,0.504523326,3.05E-08
750,470,856,0.516934667,3.05E-08
750,454,832,0.518146661,3.04E-08
750,475,854,0.507731463,3.04E-08
750,448,795,0.49131719,3.04E-08
750,423,772,0.497608176,3.04E-08
750,448,781,0.489728883,3.04E-08
750,448,805,0.497688396,3.04E-08
750,462,825,0.50812881,3.04E-08
750,457,793,0.495906604,3.05E-08
750,465,817,0.50415162,3.05E-08
750,447,853,0.507467798,3.04E-08
750,449,913,0.547286595,3.04E-08
800,495,787,0.48840891,3.05E-08
800,486,798,0.499189013,3.05E-08
800,496,857,0.539490333,3.04E-08
800,471,775,0.499189894,3.05E-08
800,480,841,0.517763175,3.05E-08
800,481,752,0.476712213,3.05E-08
800,500,790,0.493051388,3.05E-08
800,494,830,0.485009086,3.05E-08
800,474,857,0.515854283,3.05E-08
800,464,844,0.527849058,3.04E-08
800,491,853,0.533759786,3.04E-08
800,474,776,0.498398445,3.04E-08
800,481,791,0.49472461,3.04E-08
800,490,819,0.515936767,3.05E-08
800,496,795,0.499117232,3.04E-08
800,493,770,0.486760245,3.04E-08
800,463,837,0.517658155,3.04E-08
800,470,859,0.527191649,3.05E-08
800,491,825,0.51299233,3.04E-08
800,495,868,0.523434633,3.05E-08
800,516,818,0.500437122,3.04E-08
800,475,769,0.480002851,3.04E-08
800,485,845,0.518317978,3.05E-08
800,484,798,0.502187954,3.04E-08
800,498,837,0.511638752,3.05E-08
800,470,878,0.551551649,3.04E-08
800,487,850,0.515577952,3.05E-08
800,495,812,0.493585767,3.05E-08
800,498,827,0.511101631,3.05E-08
800,507,839,0.525326468,3.05E-08
800,491,780,0.484704017,3.05E-08
800,492,767,0.484053084,3.04E-08
800,476,824,0.506930646,3.05E-08
800,481,820,0.510250081,3.05E-08
800,506,824,0.513506417,3.04E-08
800,499,807,0.504281427,3.04E-08
800,472,800,0.503721336,3.04E-08
800,499,799,0.506330192,3.05E-08
800,474,837,0.512441953,3.05E-08
800,513,803,0.500428572,3.04E-08
800,498,839,0.524047251,3.04E-08
800,475,838,0.521987454,3.05E-08
800,483,840,0.501449441,3.05E-08
800,470,829,0.524548935,3.04E-08
800,447,802,0.500191844,3.04E-08
800,504,845,0.520595841,3.05E-08
800,477,785,0.499297669,3.04E-08
800,480,815,0.511584295,3.04E-08
800,491,791,0.509871263,3.04E-08
800,479,796,0.499180575,3.05E-08
800,503,845,0.512000947,3.04E-08
800,488,829,0.528945447,3.04E-08
800,486,861,0.528929649,3.04E-08
800,470,764,0.472373853,3.04E-08
800,483,822,0.532606114,3.05E-08
800,510,818,0.512268739,3.05E-08
800,495,839,0.512391908,3.04E-08
800,476,785,0.499965111,3.04E-08
800,488,810,0.510988808,3.04E-08
800,478,896,0.552604391,3.05E-08
800,500,739,0.475316186,3.04E-08
800,481,801,0.495065632,3.04E-08
800,494,824,0.51317039,3.04E-08
800,496,795,0.489059258,3.05E-08
800,486,831,0.510487215,3.04E-08
800,487,793,0.49959178,3.04E-08
800,482,819,0.506106,3.04E-08
800,481,815,0.496853147,3.05E-08
800,491,783,0.484796871,3.04E-08
800,507,787,0.493252285,3.04E-08
800,462,810,0.50851598,3.04E-08
800,498,840,0.50429799,3.05E-08
800,516,839,0.513785007,3.04E-08
800,494,808,0.508233398,3.04E-08
800,479,811,0.488882402,3.04E-08
800,478,839,0.526063034,3.04E-08
800,485,803,0.50972406,3.04E-08
800,473,818,0.491140356,3.04E-08
800,501,882,0.523231934,3.05E-08
800,487,845,0.519621625,3.05E-08
800,505,786,0.485409706,3.05E-08
800,470,813,0.488619127,3.05E-08
800,488,867,0.52870454,3.05E-08
800,497,830,0.502507068,3.04E-08
800,490,816,0.506474054,3.04E-08
800,486,846,0.517160702,3.05E-08
800,483,804,0.500536703,3.05E-08
800,487,841,0.530314133,3.04E-08
800,487,820,0.495593478,3.05E-08
800,492,872,0.529002339,3.04E-08
800,470,807,0.506103212,3.05E-08
800,474,859,0.526461929,3.05E-08
800,474,726,0.472145007,3.04E-08
800,481,795,0.488749887,3.05E-08
800,475,839,0.51067083,3.05E-08
800,476,820,0.507012214,3.05E-08
800,493,838,0.524268448,3.04E-08
800,492,805,0.497225393,3.04E-08
800,504,820,0.511532409,3.04E-08
800,507,810,0.506250852,3.04E-08
850,519,758,0.486079698,3.05E-08
850,485,769,0.484181735,3.04E-08
850,500,830,0.512956201,3.04E-08
850,506,862,0.537974735,3.04E-08
850,515,819,0.50891057,3.04E-08
850,502,866,0.530432429,3.05E-08
850,529,787,0.495213419,3.04E-08
850,526,815,0.50766155,3.04E-08
850,503,794,0.508367612,3.04E-08
850,532,812,0.492739707,3.04E-08
850,526,854,0.535752339,3.04E-08
850,498,835,0.533006831,3.05E-08
850,519,872,0.519848357,3.04E-08
850,532,825,0.51231343,3.04E-08
850,503,780,0.497587764,3.04E-08
850,516,858,0.523319112,3.05E-08
850,529,895,0.544969962,3.05E-08
850,529,808,0.490742214,3.04E-08
850,523,833,0.516212631,3.04E-08
850,521,893,0.539180634,3.04E-08
850,530,828,0.518194694,3.05E-08
850,516,853,0.528820114,3.04E-08
850,543,857,0.522276396,3.05E-08
850,515,837,0.516930397,3.05E-08
850,521,826,0.518530484,3.05E-08
850,500,846,0.520042208,3.05E-08
850,487,862,0.531398695,3.04E-08
850,532,802,0.484991738,3.04E-08
850,509,771,0.472476938,3.04E-08
850,509,810,0.489212654,3.04E-08
850,510,810,0.511722044,3.04E-08
850,524,825,0.508514632,3.05E-08
850,507,835,0.498799394,3.05E-08
850,514,822,0.508391232,3.04E-08
850,500,787,0.479161002,3.04E-08
850,504,837,0.515303589,3.04E-08
850,521,818,0.512564578,3.04E-08
850,540,875,0.529913217,3.05E-08
850,540,829,0.527661979,3.05E-08
850,506,802,0.508266897,3.05E-08
850,511,856,0.514784695,3.05E-08
850,494,820,0.509763896,3.04E-08
850,513,773,0.492610332,3.04E-08
850,522,823,0.497639522,3.05E-08
850,515,811,0.508873099,3.05E-08
850,507,817,0.510696572,3.04E-08
850,493,812,0.505119786,3.04E-08
850,483,839,0.525912556,3.04E-08
850,515,794,0.494383055,3.04E-08
850,519,841,0.523282493,3.05E-08
850,503,831,0.542346448,3.05E-08
850,541,820,0.513999086,3.04E-08
850,534,806,0.493122982,3.04E-08
850,502,815,0.510584734,3.04E-08
850,519,838,0.525185404,3.04E-08
850,522,767,0.485616012,3.04E-08
850,543,863,0.527446072,3.04E-08
850,522,841,0.516540668,3.05E-08
850,497,802,0.499843062,3.04E-08
850,498,821,0.503736808,3.05E-08
850,523,810,0.49435599,3.04E-08
850,513,789,0.482184573,3.04E-08
850,533,819,0.501227408,3.04E-08
850,512,787,0.485941525,3.04E-08
850,495,832,0.514993873,3.05E-08
850,522,797,0.493496258,3.04E-08
850,511,791,0.49365257,3.04E-08
850,504,778,0.486589664,3.04E-08
850,531,825,0.521326326,3.04E-08
850,527,795,0.501648897,3.04E-08
850,511,833,0.528881537,3.04E-08
850,521,787,0.482567961,3.05E-08
850,488,767,0.493007425,3.04E-08
850,556,802,0.489661839,3.04E-08
850,529,805,0.490647459,3.04E-08
850,528,822,0.505683577,3.04E-08
850,502,791,0.498953832,3.05E-08
850,508,797,0.48795694,3.05E-08
850,520,837,0.510139091,3.05E-08
850,526,811,0.502888812,3.04E-08
850,515,799,0.496516529,3.05E-08
850,509,839,0.50504907,3.04E-08
850,501,817,0.512270204,3.04E-08
850,525,846,0.524374992,3.04E-08
850,509,789,0.501051287,3.05E-08
850,506,813,0.511996268,3.05E-08
850,513,865,0.531410337,3.05E-08
850,514,848,0.515875298,3.05E-08
850,533,867,0.523942058,3.04E-08
850,519,824,0.512520114,3.04E-08
850,538,837,0.521159616,3.04E-08
850,529,788,0.485889606,3.05E-08
850,508,889,0.535531852,3.05E-08
850,529,824,0.517556885,3.05E-08
850,508,785,0.485561261,3.05E-08
850,512,816,0.494729468,3.04E-08
850,532,880,0.527032465,3.05E-08
850,510,806,0.510668353,3.05E-08
850,521,803,0.495548135,3.04E-08
850,513,832,0.52417581,3.04E-08
900,536,802,0.511060364,3.05E-08
900,531,788,0.490269411,3.04E-08
900,519,833,0.51690712,3.05E-08
900,518,767,0.471191913,3.04E-08
900,516,820,0.519024173,3.04E-08
900,557,818,0.501470702,3.04E-08
900,558,854,0.529273465,3.05E-08
900,544,819,0.510587911,3.05E-08
900,541,836,0.511289304,3.04E-08
900,550,806,0.503108217,3.05E-08
900,544,801,0.485092658,3.04E-08
900,533,806,0.499716307,3.05E-08
900,535,852,0.522734595,3.04E-08
900,544,850,0.538171135,3.04E-08
900,538,799,0.506750395,3.04E-08
900,546,791,0.498176437,3.05E-08
900,526,807,0.503178074,3.05E-08
900,532,809,0.50529769,3.05E-08
900,559,845,0.512069353,3.04E-08
900,537,900,0.539636193,3.05E-08
900,521,754,0.4931861,3.05E-08
900,514,769,0.485317455,3.05E-08
900,553,788,0.498058785,3.04E-08
900,549,814,0.518014842,3.04E-08
900,549,860,0.529937827,3.05E-08
900,525,844,0.524625536,3.04E-08
900,546,823,0.496194167,3.04E-08
900,558,811,0.503616581,3.04E-08
900,543,829,0.514714494,3.04E-08
900,518,836,0.505942161,3.05E-08
900,542,849,0.53774857,3.05E-08
900,539,775,0.474518894,3.05E-08
900,538,855,0.509321242,3.04E-08
900,545,846,0.530843208,3.04E-08
900,529,854,0.526475935,3.04E-08
900,564,760,0.468550871,3.05E-08
900,556,785,0.493248742,3.05E-08
900,544,822,0.513673387,3.05E-08
900,536,785,0.480274549,3.04E-08
900,532,828,0.490789831,3.04E-08
900,539,870,0.533636806,3.04E-08
900,533,858,0.537355127,3.05E-08
900,544,848,0.521132373,3.05E-08
900,536,783,0.48673553,3.05E-08
900,543,792,0.502720495,3.04E-08
900,522,772,0.488167485,3.05E-08
900,522,813,0.520008075,3.04E-08
900,536,805,0.493495905,3.05E-08
900,539,846,0.522651707,3.04E-08
900,556,844,0.530785264,3.05E-08
900,543,797,0.506432773,3.04E-08
900,536,827,0.517592848,3.05E-08
900,524,841,0.516150799,3.04E-08
900,529,865,0.533283067,3.05E-08
900,525,799,0.505767241,3.04E-08
900,549,784,0.48794119,3.04E-08
900,536,857,0.527924284,3.05E-08
900,560,875,0.529226828,3.05E-08
900,522,847,0.5306822,3.04E-08
900,582,831,0.511926484,3.05E-08
900,533,835,0.510720292,3.04E-08
900,554,822,0.520131131,3.04E-08
900,531,816,0.497622357,3.04E-08
900,550,837,0.511389237,3.05E-08
900,526,771,0.478263125,3.05E-08
900,524,796,0.502984625,3.05E-08
900,543,800,0.490955,3.05E-08
900,540,807,0.497939023,3.05E-08
900,519,852,0.532923623,3.04E-08
900,544,813,0.515339162,3.04E-08
900,546,828,0.498409454,3.04E-08
900,556,843,0.520615541,3.05E-08
900,520,818,0.512190434,3.05E-08
900,544,866,0.541962855,3.05E-08
900,554,820,0.523707342,3.05E-08
900,560,876,0.538356541,3.04E-08
900,535,804,0.49923474,3.04E-08
900,547,802,0.502651669,3.05E-08
900,526,857,0.53178984,3.05E-08
900,535,757,0.487538703,3.04E-08
900,537,815,0.49887044,3.04E-08
900,543,821,0.504019327,3.04E-08
900,527,845,0.540897624,3.04E-08
900,550,818,0.503720606,3.04E-08
900,517,824,0.520818019,3.04E-08
900,550,835,0.515689484,3.04E-08
900,532,835,0.530347666,3.04E-08
900,557,827,0.519773105,3.05E-08
900,536,855,0.541274786,3.04E-08
900,521,803,0.501848815,3.04E-08
900,536,858,0.527718029,3.05E-08
900,535,777,0.489337957,3.04E-08
900,536,831,0.525747949,3.04E-08
900,543,828,0.508416545,3.04E-08
900,539,799,0.513137272,3.04E-08
900,547,812,0.504028439,3.04E-08
900,557,799,0.49381881,3.05E-08
900,544,813,0.510076289,3.04E-08
900,552,813,0.502297921,3.05E-08
900,554,820,0.508755174,3.05E-08
950,551,799,0.499261079,3.05E-08
950,557,805,0.490091293,3.04E-08
950,562,742,0.471807153,3.05E-08
950,565,823,0.513553173,3.05E-08
950,557,824,0.51098764,3.04E-08
950,560,771,0.480782919,3.04E-08
950,569,780,0.500518046,3.05E-08
950,584,794,0.492975262,3.05E-08
950,557,806,0.500624672,3.04E-08
950,583,838,0.524844523,3.04E-08
950,599,832,0.506583715,3.05E-08
950,550,818,0.500224514,3.04E-08
950,572,891,0.535653159,3.05E-08
950,559,824,0.519903329,3.05E-08
950,583,811,0.515531501,3.05E-08
950,558,836,0.512767804,3.04E-08
950,607,858,0.526583702,3.05E-08
950,591,815,0.497572648,3.04E-08
950,561,802,0.503368054,3.04E-08
950,556,836,0.512880678,3.04E-08
950,573,853,0.516085466,3.04E-08
950,570,863,0.534769817,3.05E-08
950,567,810,0.497310191,3.05E-08
950,571,803,0.498841184,3.04E-08
950,581,826,0.513400881,3.05E-08
950,589,851,0.516734722,3.04E-08
950,573,790,0.510706926,3.04E-08
950,576,900,0.531420608,3.05E-08
950,562,815,0.506237184,3.05E-08
950,584,806,0.499463063,3.05E-08
950,623,831,0.505216048,3.05E-08
950,574,838,0.512554498,3.05E-08
950,555,841,0.525493819,3.05E-08
950,547,861,0.527712964,3.04E-08
950,577,859,0.534541282,3.04E-08
950,574,828,0.50196123,3.05E-08
950,576,818,0.512293939,3.04E-08
950,565,841,0.522277366,3.05E-08
950,576,846,0.523625147,3.04E-08
950,562,848,0.528720733,3.05E-08
950,551,811,0.49482753,3.05E-08
950,573,820,0.507513195,3.05E-08
950,578,807,0.507680284,3.04E-08
950,579,850,0.521098282,3.05E-08
950,541,822,0.504116986,3.05E-08
950,560,861,0.5321541,3.05E-08
950,535,870,0.529906398,3.04E-08
950,583,770,0.48071065,3.05E-08
950,573,796,0.491932486,3.05E-08
950,568,825,0.504210266,3.05E-08
950,591,807,0.514442061,3.04E-08
950,570,834,0.515427996,3.05E-08
950,564,797,0.506287043,3.05E-08
950,585,839,0.519441111,3.05E-08
950,567,831,0.515875228,3.04E-08
950,583,792,0.509273602,3.05E-08
950,569,785,0.4845286,3.04E-08
950,595,857,0.52818056,3.04E-08
950,566,838,0.514157527,3.05E-08
950,585,760,0.487543875,3.04E-08
950,582,843,0.505849816,3.04E-08
950,575,817,0.497531302,3.04E-08
950,565,884,0.534611253,3.05E-08
950,575,830,0.525179113,3.05E-08
950,575,864,0.514093086,3.05E-08
950,581,788,0.494208777,3.05E-08
950,576,781,0.482418452,3.04E-08
950,555,838,0.515293739,3.04E-08
950,582,829,0.517792236,3.04E-08
950,553,800,0.503004764,3.04E-08
950,575,830,0.525299239,3.04E-08
950,563,852,0.529147846,3.04E-08
950,584,795,0.495965381,3.05E-08
950,578,831,0.515757804,3.04E-08
950,590,781,0.498058893,3.05E-08
950,573,829,0.510991645,3.04E-08
950,540,838,0.533824483,3.04E-08
950,566,811,0.495197716,3.04E-08
950,571,840,0.504038844,3.05E-08
950,574,806,0.520000955,3.05E-08
950,581,834,0.505193182,3.04E-08
950,565,811,0.499768976,3.05E-08
950,584,815,0.515985936,3.04E-08
950,570,822,0.511088917,3.04E-08
950,551,855,0.530165297,3.04E-08
950,590,830,0.517761187,3.05E-08
950,555,789,0.493323456,3.05E-08
950,576,790,0.481383419,3.04E-08
950,567,811,0.498493355,3.05E-08
950,573,787,0.491255176,3.04E-08
950,565,859,0.524897388,3.04E-08
950,568,815,0.509428102,3.04E-08
950,564,823,0.510217419,3.05E-08
950,572,830,0.512604852,3.05E-08
950,587,855,0.513861367,3.04E-08
950,567,821,0.494881028,3.05E-08
950,587,824,0.506563504,3.05E-08
950,575,815,0.511161165,3.04E-08
950,553,820,0.504138292,3.04E-08
950,556,829,0.5246876,3.05E-08
1000,596,824,0.503371778,3.05E-08
1000,575,789,0.490741773,3.05E-08
1000,587,843,0.522050319,3.05E-08
1000,590,796,0.502914429,3.04E-08
1000,604,873,0.537444832,3.04E-08
1000,599,887,0.544670488,3.05E-08
1000,610,779,0.499096186,3.04E-08
1000,597,826,0.51060852,3.05E-08
1000,609,803,0.509626748,3.04E-08
1000,615,826,0.512368581,3.04E-08
1000,585,760,0.493795857,3.04E-08
1000,596,818,0.498317867,3.04E-08
1000,579,840,0.51058055,3.05E-08
1000,590,784,0.499322785,3.04E-08
1000,613,857,0.528736446,3.04E-08
1000,617,841,0.509532918,3.05E-08
1000,580,837,0.516965052,3.04E-08
1000,593,824,0.500616966,3.04E-08
1000,626,803,0.500706483,3.04E-08
1000,604,829,0.513465929,3.04E-08
1000,607,834,0.524035789,3.05E-08
1000,590,892,0.543046019,3.04E-08
1000,621,825,0.503530504,3.05E-08
1000,604,789,0.476241119,3.04E-08
1000,624,808,0.501529012,3.04E-08
1000,599,819,0.517350908,3.05E-08
1000,605,830,0.522436746,3.04E-08
1000,578,771,0.488355544,3.05E-08
1000,627,833,0.503067949,3.04E-08
1000,603,843,0.523954505,3.04E-08
1000,570,853,0.52228081,3.05E-08
1000,597,836,0.518276701,3.05E-08
1000,584,827,0.518656994,3.04E-08
1000,619,825,0.514060818,3.04E-08
1000,586,858,0.527838375,3.04E-08
1000,594,830,0.516879804,3.04E-08
1000,575,838,0.519716057,3.04E-08
1000,597,856,0.537164613,3.04E-08
1000,604,839,0.510462004,3.04E-08
1000,595,848,0.525400412,3.04E-08
1000,596,803,0.510629382,3.04E-08
1000,605,847,0.523246105,3.05E-08
1000,609,839,0.508856496,3.05E-08
1000,644,875,0.544317554,3.05E-08
1000,587,841,0.523726548,3.04E-08
1000,595,812,0.510474597,3.04E-08
1000,592,842,0.521543371,3.04E-08
1000,588,829,0.523144504,3.05E-08
1000,571,812,0.508085221,3.04E-08
1000,587,856,0.527437185,3.05E-08
1000,623,817,0.509100246,3.04E-08
1000,601,843,0.50568291,3.04E-08
1000,588,879,0.545452414,3.05E-08
1000,608,842,0.516445272,3.04E-08
1000,622,772,0.495762387,3.05E-08
1000,601,877,0.529420825,3.04E-08
1000,594,821,0.527058796,3.05E-08
1000,623,829,0.518482639,3.05E-08
1000,603,834,0.508950298,3.04E-08
1000,575,831,0.53209384,3.05E-08
1000,592,831,0.514389091,3.04E-08
1000,604,787,0.492810599,3.04E-08
1000,565,762,0.484233891,3.05E-08
1000,585,856,0.520748692,3.04E-08
1000,609,822,0.508069264,3.05E-08
1000,591,766,0.487474665,3.05E-08
1000,569,792,0.497331961,3.04E-08
1000,583,804,0.500197134,3.04E-08
1000,589,790,0.495769683,3.04E-08
1000,589,811,0.50512317,3.05E-08
1000,604,805,0.509098635,3.04E-08
1000,596,820,0.503767811,3.04E-08
1000,610,850,0.523585035,3.04E-08
1000,590,849,0.517419328,3.05E-08
1000,596,796,0.505914268,3.05E-08
1000,627,821,0.498350917,3.04E-08
1000,607,766,0.485113467,3.04E-08
1000,598,868,0.530555165,3.04E-08
1000,602,777,0.497491618,3.05E-08
1000,604,856,0.521302261,3.04E-08
1000,566,813,0.517770917,3.04E-08
1000,614,805,0.516315096,3.04E-08
1000,599,856,0.520946298,3.04E-08
1000,585,810,0.481343158,3.05E-08
1000,607,843,0.534495407,3.04E-08
1000,604,840,0.523614846,3.04E-08
1000,638,790,0.503306001,3.04E-08
1000,587,838,0.521726822,3.05E-08
1000,596,821,0.51358249,3.04E-08
1000,636,879,0.532960328,3.04E-08
1000,620,833,0.517113342,3.05E-08
1000,597,804,0.501185881,3.05E-08
1000,560,775,0.484209428,3.05E-08
1000,580,814,0.495943979,3.05E-08
1000,602,812,0.512602445,3.05E-08
1000,591,846,0.519840523,3.04E-08
1000,594,813,0.50477177,3.05E-08
1000,597,812,0.519896258,3.05E-08
1000,590,810,0.509301088,3.04E-08
1000,601,816,0.503698239,3.04E-08
